Workbook

Sheet Chung
A1: THÔNG TIN CHUNG
A3: - Thời gian lăn bánh: | B3: =B8/B9 -> 2.2222222 | C3: (h)
A4: - Thời gian đầu cuối: | B4: 1 | C4: h | D4: Tự cho
A5: - Thời gian xếp dỡ: | B5: 0.5 | C5: h | E5: Thời gian dừng đỗ - Đối với vận tải HK
A6: - Thời gian một chuyến: | B6: =SUM(B3:B5) -> 3.7222222 | C6: h
A7: -Quãng đường huy động: | B7: 10 | C7: Km | D7: Tự cho
A8: -Cự ly vận chuyển bình quân một chuyến | B8: 100 | C8: Km
A9: - Vận tốc kỹ thuật | B9: 45 | C9: Km/h
A10: - Số chuyến bình quân trong năm | B10: 720 | C10: Chuyến
A11: - Số chuyến bình quân trong 1 ngày | B11: =B10/360 -> 2 | C11: Chuyến
A12: - Số chuyến bình quân trong 1 tháng | B12: =B11*30 -> 60 | C12: Chuyến
A13: Tổng quãng đường xe chạy ngày đêm cuả 1 xe | B13: =B8*B11+B7 -> 210 | C13: KM
A14: Tổng quãng đường xe chạy trong năm | B14: =B13*360*B17 -> 2268000 | C14: KM | E14: Dùng để tính chi phí cho 1 Km xe chạy
A15: -Thời gian làm việc trong ngày | B15: =B6*B11 -> 7.4444444 | C15: h
A16: Hệ số định biên lao động | B16: 1
A17: Số phương tiện có | B17: 30 | C17: xe
A18: Số lao động lái xe | B18: =B16*B17 -> 30 | C18: lái xe
A20: Tổng quãng đường xe chạy quy đổi về đường loại 1 | B20: =B14*0.3*1+B14*0.4*1.15+B14*0.3*1.25 -> 2574180 | C20: Km | E20: Dùng để tính chi phí nhiên liệu, VLBT, BDSC, Săm lốp

Sheet Tiền lương của LX
A1: 1. TIỀN LƯƠNG CỦA LÁI XE
A3: Chỉ tiêu | B3: Giá trị | C3: Đơn vị
A4: 1. Số lao động lái xe | B4: =Chung!B18 -> 30 | C4: lái xe
A5: 2. Tiền lương bình quân của lái xe | B5: 15000000 | C5: đ/tháng
A6: 3. Tổng quỹ tiền lương tháng của LX | B6: =B4*B5 -> 450000000 | C6: đ
A7: 4. Tổng quỹ tiền lương năm của LX | B7: =B6*12 -> 5400000000 | C7: đ
A8: 5. Số chuyến bình quân trong 1 năm | B8: =Chung!B10 -> 720 | C8: chuyến
A9: 6. Tổng quãng đường xe chạy trong năm | B9: =Chung!B14 -> 2268000 | C9: km
A10: Chi phí tiền lương lái xe/Km | B10: =B7/B9 -> 2380.9524 | C10: đ/Km

Sheet Các khoản trích theo lương
A1: 2. CÁC KHOẢN TRÍCH THEO LƯƠNG LÁI XE
A2: Khoản trích | B2: DN | C2: Người lao động | D2: Tổng
A3: BHXH | B3: 17.5 | C3: 8 | D3: =B3+C3 -> 25.5
A4: BHYT | B4: 3 | C4: 1.5 | D4: =B4+C4 -> 4.5
A5: BHTN | B5: 1 | C5: 1 | D5: =B5+C5 -> 2
A6: KPCĐ | B6: 2 | C6: 0 | D6: =B6+C6 -> 2
B7: =SUM(B3:B6) -> 23.5 | C7: =SUM(C3:C6) -> 10.5 | D7: =B7+C7 -> 34
A8: Tổng quỹ tiền lương của lái xe | C8: ='Tiền lương của LX'!B7 -> 5400000000 | D8: đ
A9: Các khoản trích theo lương | C9: =B7%*C8 -> 1269000000 | D9: đ
A10: Chi phí cho 1 Km | C10: =C9/Chung!B14 -> 559.52381 | D10: đ/KM

Sheet CP NL
A1: 3. CHI PHÍ NHIÊN LIỆU
A3: Chỉ tiêu | B3: Giá trị | C3: Đơn vị
A4: 1. Tổng quãng đường xe chạy trong năm | B4: =Chung!B14 -> 2268000 | C4: KM
A5: 2. Tổng quãng đường xe chạy quy đổi về đường loại 1 | B5: =Chung!B20 -> 2574180 | C5: Km
A6: 3. Định mức tiêu hao nhiên liệu tổng hợp | B6: 20 | C6: l/100Km
A7: 4. Đơn giá nhiên liệu | B7: 33042 | C7: đ/lít | E7: Tại thời điểm tính toán | H7: Ngày 20/03/2026
A8: 5. Tổng mức nhiên liệu tiêu hao trong năm | B8: =(B5/100)*B6 -> 514836 | C8: lít | D8: QNL
A9: 6. Tổng chi phí nhiên liệu trong năm | B9: =B8*B7 -> 17011211112 | C9: đ
A10: 7. Chi phí nhiên liệu cho 1 Km xe chạy | B10: =B9/B4 -> 7500.534 | C10: đ/Km

Sheet CPVLBT
A1: 4. CP VẬT LIỆU BÔI TRƠN
A3: Chỉ tiêu | B3: Giá trị | C3: Đơn vị
A4: 1. Tổng khôi lượng nhiên liệu tiêu hao | B4: ='CP NL'!B8 -> 514836 | C4: Lít
A5: 2. Tỉ lệ VLBT so với nhiên liệu | B5: 4 | C5: %
A6: 3. Tổng mức tiêu hao VTBT | B6: =B4*B5% -> 20593.44 | C6: lít
A7: 4. Đơn giá VLBT | B7: 90000 | C7: đ/lit
A8: 5. Chi phí VLBT | B8: =B6*B7 -> 1853409600 | C8: đ
A9: Chi phí VLBT cho 1 Km | B9: =B8/Chung!B14 -> 817.2 | C9: đ/Km

Sheet CP Săm lốp
A1: 5. CHI PHÍ TRÍCH TRƯỚC SĂM LỐP
A3: Chỉ tiêu | B3: Giá trị | C3: Đơn vị
A4: 1. Tổng quãng đường xe chạy trong năm | B4: =Chung!B14 -> 2268000 | C4: Km
A5: 2. Tổng quãng đường xe chạy quy đổi về đường loại 1 | B5: =Chung!B20 -> 2574180 | C5: Km
A6: 3. Định ngạch đời lốp | B6: 50000 | C6: km | D6: Loại lốp nào?
A7: 4. Nguyên giá bộ lốp | B7: 3000000 | C7: đ/lốp
A8: 5. Số bộ lốp đồng thời trên 1 xe | B8: 6 | C8: bộ
A9: Nhu cầu về bộ lốp | B9: =(B5/B6)*B8 -> 308.9016 | C9: bộ
A10: Tổng chi phí săm lốp | B10: =B9*B7 -> 9.267048e+08 | C10: đồng
A11: Chi phí săm lốp cho 1 km xe chạy | B11: =B10/B4 -> 408.6 | C11: đ/km

Sheet CP BDSC
A1: 6. CHI PHÍ BD ĐK VÀ SCTX
A3: Chỉ tiêu | B3: Giá trị | C3: Đơn vị
A4: 1. Tổng quãng đường xe chạy chung | B4: =Chung!B14 -> 2268000 | C4: Km
A5: 2. Tổng quãng đường xe chạy quy đổi về đường loại 1 | B5: =Chung!B20 -> 2574180 | C5: Km | F5: =B5/30 -> 85806
A6: 3. Hệ số ngày xe vận doanh | B6: 0.9 | D6: Tự cho
A7: 4. Định ngạch BD ĐK | B7: 8000 | C7: Km | F7: =(B5/1000)*B10 -> 1287090000
A8: Chi phí BDN | B8: 100000 | C8: đ
A9: Chi phí BD ĐK | B9: 2000000 | C9: đ
A10: Chi phí SCTX | B10: 500000 | C10: đ
A11: Định ngạch SCL | B11: 240000 | C11: Km
A12: Hệ số BDTX (BDN) | B12: 0.5 | D12: 1 | E12: Xe khách
A13: Số xe có | B13: =Chung!B17 -> 30 | C13: xe
A14: Số ngày xe vận doanh | B14: =B13*B6*360 -> 9720 | C14: ngày xe
A15: Số lần BDN | B15: =B14*B12 -> 4860 | C15: lần
A16: Tổng Chi phí BDN | B16: =B15*B8 -> 486000000 | C16: đồng
A17: Số lần BD ĐK | B17: =B5/B7 -> 321.7725 | C17: lần
A18: Tổng Chi phí BDĐK | B18: =B17*B9 -> 643545000 | C18: đồng
A19: Số lần SCL | B19: =B5/B11 -> 10.72575 | C19: lần
A21: Số lần SCTX (Sửa chữa nhỏ) tính bình quân cho 1000Km | B21: =B5/1000 -> 2574.18 | D21: Thực tế khi lập KHBDSC thì không xác định chỉ tiêu này!
A22: Tổng Chi phí cho SCTX | B22: =B21*B10 -> 1287090000 | C22: đồng
A24: Tổng chi phí DB SC | B24: =B16+B18+B22 -> 2416635000 | C24: đồng
A26: Chi phí BDSC cho 1 km xe chạy | B26: =B24/B4 -> 1065.5357 | C26: đồng/Km

Sheet CP KHCB
A1: 7. CHI PHÍ TRÍCH TRƯỚC KHẤU HAO CƠ BẢN
A3: Chỉ tiêu | B3: Giá trị | C3: Đơn vị
A4: 1. Số xe có | B4: =Chung!B17 -> 30 | C4: xe
A5: 2. Nguyên giá | B5: 800000000 | C5: đ
A6: 3. Tỷ lệ khấu | B6: 10 | C6: %
A7: Tổng giá trị phương tiện | B7: =B4*B5 -> 24000000000 | C7: đồng
A8: Tổng số tiền khấu hao | B8: =B7*B6% -> 2400000000 | C8: đồng
A9: Tổng quãng đường xe chạy trong năm | B9: =Chung!B14 -> 2268000 | C9: km
A11: Chi phí khấu hao cho 1 Km xe chạy | B11: =B8/B9 -> 1058.2011 | C11: đồng/km

Sheet SCL
A1: 8. TRÍCH TRƯỚC SỬA CHỮA LỚN
A3: Chỉ tiêu | B3: Giá trị | C3: Đơn vị
A4: 1. Chi phí khấu hao cơ bản | B4: ='CP KHCB'!B8 -> 2400000000 | C4: đồng
A5: 2. Tỷ lệ trích chi phí SCL theo KHCB | B5: 50 | C5: %
A6: 3. Tổng quãng đường xe chạy chung | B6: =Chung!B14 -> 2268000 | C6: Km
A7: Tổng chi phí trích trước SCL | B7: =B4*B5% -> 1200000000 | C7: đồng
A8: Chi phí SCL cho 1 km xe chạy | B8: =B7/B6 -> 529.10053 | C8: đồng/km

Sheet Bảo hiểm
A1: 9. CHI PHÍ BẢO HIỂM
A3: Chỉ tiêu | B3: Giá trị | C3: Đơn vị
A4: 1. Nguyên giá phương tiện | B4: ='CP KHCB'!B5 -> 800000000 | C4: đồng
A5: 2. Tổng số phương tiện có | B5: 30 | C5: xe
A6: 3. Tổng xe chạy quãng đường xe chạy chung | B6: =Chung!B14 -> 2268000 | C6: Km
A7: 4. Tỷ lệ BH PT | B7: 1 | C7: %
A9: Chi phí BH Phương tiện | B9: =B5*B4*B7% -> 240000000 | C9: đồng
A11: BH TNDS | B11: 580000 | C11: đ/xe
A12: Tổng chi phí BHTNDS | B12: =B11*B5 -> 17400000 | C12: đồng
A14: Tổng chi phí bảo hiểm | B14: =B9+B12 -> 257400000 | C14: đồng
A16: Chi phí bảo hiểm cho 1 km xe chạy | B16: =B14/B6 -> 113.49206 | C16: đồng/Km

Sheet Lệ phi, bến phí
A1: 10. LỆ PHÍ, BẾN PHÍ
A3: Chỉ tiêu | B3: Giá trị | C3: Đơn vị
A4: 1. Tổng quãng đường xe chạy | B4: =Chung!B14 -> 2268000 | C4: km
A5: 2. Số lượng phương tiện | B5: 30 | C5: xe
A6: 3. Phí bảo trì đường bộ | B6: 3240000 | C6: đồng/xe
A7: Tổng phí bảo trì đường bộ | B7: =B5*B6 -> 97200000 | C7: đồng
A8: Lệ phí cầu đường
A9: CP Đăng kiểm | B9: =330000*2 -> 660000 | C9: Đ/xe
A10: Tổng chi phí đăng kiểm | B10: =B5*B9 -> 19800000 | C10: đồng
A11: Tổng lệ phí, bến phí… | B11: =B7+B10+B8 -> 117000000
A12: Chi phí lệ phí, bến phí cho 1 Km xe chạy | B12: =B11/B4 -> 51.587302 | C12: đồng/Km

Sheet Thuế đầu vào
A1: 11. THUẾ ĐẦU VÀO/CHI PHÍ VỐN VAY - THUÊ ĐẤT
A3: Chỉ tiêu | B3: Giá trị | C3: Đơn vị
A4: 1. Tổng quãng đường xe chạy chung | B4: =Chung!B14 -> 2268000 | C4: km
A5: 2. Số lượng phương tiện | B5: 30 | C5: xe
A6: 3. Nguyên giá | B6: ='CP KHCB'!B5 -> 800000000 | C6: đồng
A7: Tổng số vốn phương tiện | B7: =B5*B6 -> 24000000000 | C7: đồng
A9: Giả sử:
A10: Vốn chủ sở hữu | B10: 50 | C10: %
A11: Vốn vay | B11: =100-B10 -> 50 | C11: %
A13: Tổng vốn vay | B13: =B7*B11% -> 12000000000 | C13: đồng
A14: Lãi suất vốn vay | B14: 10 | C14: %/năm
A15: Tổng số tiền trả lãi vốn vay | B15: =B13*B14% -> 1200000000 | C15: đồng
A17: Tiền thuê đất 1 năm | B17: 120000000 | C17: đ
A19: Tổng thuế đầu vào | B19: =B15+B17 -> 1320000000
A20: Chi phí thuế đầu vào cho 1 km xe chạy | B20: =B19/B4 -> 582.01058 | C20: đồng/km

Sheet Tổng chi phí
A1: BẢNG TỔNG HỢP CHI PHÍ
A3: STT | B3: Khoản mục | C3: Giá trị (đồng/Km) | D3: Tỉ trọng (%) | E3: Ghi chú
A4: 1 | B4: Tiền lương của lái xe | C4: ='Tiền lương của LX'!B10 -> 2380.9524 | D4: =C4/C$16*100 -> 14.632136
A5: 2 | B5: Các khoản trích theo lương | C5: ='Các khoản trích theo lương'!C10 -> 559.52381 | D5: =C5/C$16*100 -> 3.438552
A6: 3 | B6: Chi phí nhiên liệu | C6: ='CP NL'!B10 -> 7500.534 | D6: =C6/C$16*100 -> 46.094511
A7: 4 | B7: Chi phí VLBT | C7: =CPVLBT!B9 -> 817.2 | D7: =C7/C$16*100 -> 5.0221003
A8: 5 | B8: Chi phí trích trước săm lốp | C8: ='CP Săm lốp'!B11 -> 408.6 | D8: =C8/C$16*100 -> 2.5110502
A9: 6 | B9: Chi phí BDSC | C9: ='CP BDSC'!B26 -> 1065.5357 | D9: =C9/C$16*100 -> 6.5482467
A10: 7 | B10: Chi phí KHCB | C10: ='CP KHCB'!B11 -> 1058.2011 | D10: =C10/C$16*100 -> 6.5031716
A11: 8 | B11: Chi phí trích trước SCL | C11: =SCL!B8 -> 529.10053 | D11: =C11/C$16*100 -> 3.2515858
A12: 9 | B12: Cp bảo hiểm | C12: ='Bảo hiểm'!B16 -> 113.49206 | D12: =C12/C$16*100 -> 0.69746516
A13: 10 | B13: lệ phí, bến phí | C13: ='Lệ phi, bến phí'!B12 -> 51.587302 | D13: =C13/C$16*100 -> 0.31702962
A14: 11 | B14: Thuế đầu vào | C14: ='Thuế đầu vào'!B20 -> 582.01058 | D14: =C14/C$16*100 -> 3.5767444
A15: 12 | B15: Quản lý phí (8%) | C15: =8%*SUM(C4:C14) -> 1205.339 | D15: =C15/C$16*100 -> 7.4074074
B16: Tổng chi phí cho 1 km | C16: =SUM(C4:C15) -> 16272.076 | D16: =SUM(D4:D15) -> 100
B17: Tỷ lệ lợi nhuận trên chi phí | C17: 0.1
B18: Giá cước (Chưa bao gồm thuế VAT) | C18: =C16*(C17+1) -> 17899.284
B19: Giá cước bao gồm thuế | C19: =C18*1.08 -> 19331.227
B20: Giá cước làm tròn | C20: =ROUND(C19,-2) -> 19300
B22: Giá cước vận chuyển cho 1 chuyến | C22: =C20*100 -> 1930000 | D22: (Đ/chuyến)
C24: =C22*1.3 -> 2509000
